,checkpoint,h,lr,batch_size,lambda,epoch,val_loss,test_loss,rmse,mae
0,checkpoint0.pth,24,0.001,10894,0.1,4579,-0.2546344730022364,-0.5282401563718205,67.34214341620135,25.957768666179778
1,checkpoint1.pth,27,0.001,10891,0.1,3967,-0.2521005003817919,-0.5336674147064525,66.90153978298349,25.83201354369803
2,checkpoint2.pth,18,0.001,10900,0.1,4549,-0.2541139965758462,-0.5150585718920229,68.66327882510346,26.23205926665695
3,checkpoint3.pth,30,0.001,10888,0.1,6,0.28413822181340503,0.11383207364669652,279182.8093040811,9696.980824433274
4,checkpoint4.pth,36,0.001,10882,0.1,3352,-0.24457311476659047,-0.5470997269106955,64.85998152650834,25.518852482696865
5,checkpoint5.pth,15,0.001,10903,0.1,1004,-0.2492864600702596,-0.5073939773837574,72.13440106739802,26.49050001705301
6,checkpoint6.pth,33,0.001,10885,0.1,3,0.09517159019281674,-0.05111210593071584,649.52828166596,95.72035432228324
